facility_id,hospital_name,location,rating
H001,Mitchell-Williams Hospital,Duncanbury,4.7
H002,Rivas LLC Hospital,Whitehaven,3.1
H003,"Garza, Roberts and Carroll Hospital",New Seantown,3.7
H004,Dawson LLC Hospital,South Melanie,four
H005,"Taylor, Lewis and Williams Hospital",Weissside,3.8
H006,Garcia Group Hospital,Port Erictown,
H007,"Pratt, Burton and Davis Hospital",East Mikeshire,5.0
H008,"Larson, Dyer and Deleon Hospital",Lesterville,
H009,Daugherty Inc Hospital,Sarahhaven,4.1
H010,Ochoa Inc Hospital,Shannonport,3.2
H011,"Taylor, Chang and Hayes Hospital",Alejandrabury,4.6
H012,"Mcgrath, Compton and Brooks Hospital",New Geraldtown,3.1
H013,Fernandez-Barnes Hospital,Thomasland,3.4
H014,Wilkinson Group Hospital,West Caitlinland,3.8
H015,"Contreras, Villa and Dixon Hospital",Craigshire,4.9
H016,Moody-Greene Hospital,Castrohaven,
H017,Ford Group Hospital,Beckton,3.1
H018,Williams-Gomez Hospital,West Rebeccaland,3.4
H019,"Henderson, Gomez and Williams Hospital",East Tony,4.6
H020,"English, Vazquez and Grant Hospital",Jenniferstad,
H021,Maxwell Group Hospital,Whiteton,4.9
H022,"Howe, Miles and Campbell Hospital",Reyesbury,
H023,"Baker, Carr and Johnson Hospital",Huntberg,3.8
H024,Wallace and Sons Hospital,Curtisberg,
H025,Zavala LLC Hospital,Port Crystal,3.4
H026,Daniels-Martinez Hospital,West Amanda,3.6
H027,"Horton, Perez and Williams Hospital",Taylorview,3.1
H028,Mendoza-Ewing Hospital,Guzmanland,3.5
H029,Johnson-Whitaker Hospital,West Charlesville,3.8
H030,"Kemp, Gamble and Wright Hospital",Port Morgan,3.1
H031,"Russell, Hall and Alvarez Hospital",Klinemouth,3.3
H032,Pollard Inc Hospital,Manuelhaven,4.8
H033,Morales Ltd Hospital,East Michaelview,4.3
H034,Simpson-Baker Hospital,South Louiston,4.6
H035,Terry LLC Hospital,Port Ashleyfurt,4.6
H036,Harrison Ltd Hospital,Mosleyland,4.1
H037,"Martinez, Green and Medina Hospital",New Ambertown,4.8
H038,Murray-Arnold Hospital,West Christopherview,3.8
H039,Black-Carney Hospital,Port Mark,3.6
H040,Ellison Ltd Hospital,Valentineside,4.8
H041,Jensen-Ryan Hospital,Lake Theresa,3.1
H042,Horton-Dunn Hospital,Sarahfurt,4.1
H043,"Edwards, Stafford and Davis Hospital",Briannamouth,5.0
H044,"Williams, Martinez and Taylor Hospital",North Megan,3.2
H045,Vang-Sanchez Hospital,Smallton,3.5
H046,Wilson-Wells Hospital,Vegaton,4.8
H047,Wall PLC Hospital,Clarkmouth,four
H048,Jenkins Ltd Hospital,North Xavier,5.0
H049,Murphy-Greene Hospital,Washingtonton,4.9
H050,Wheeler Ltd Hospital,Lindsayport,3.3
